{
    "$schema": "https://go.kicad.org/pcm/schemas/v1",
    "name": "Alternate Kicad Library",
    "description": "Symbol and Footprint library focused on improving schematic and PCB readability and aesthetics, mainly intended for hobbyist use",
    "description_full": "Current version: 4.0\n\nCheck your settings in preferences -> packages and updates.\nIf you have the default library nickname prefix 'PCM_', proceed to install version 4.0.\nIf you don't want that prefix, leave that field blank and choose version 4.0n from the list below.\nRefer to documentation via the links below if you have any trouble\n\nAlternate KiCad Library contains over 36700 symbols and 10400 footprints.\n Version 4.0 adds LED, Voltage regulator and crystal symbol libraries, LED footprint libraries and various improvements and bugfixes to existing symbols and footprints.\n\n",
    "identifier": "com.github.dawidcislo.alternate-kicad-library",
    "type": "library",
    "author": {
        "name": "Dawid Cisło",
        "contact": {
            "email": "dawid_cislo@o2.pl"
        }
    },
    "license": "CC-BY-SA",
    "resources": {
        "Github": "https://github.com/DawidCislo/Alternate-KiCad-Library",
	"Website": "https://www.alternatekicadlibrary.com/"
    },
    "tags": [
        "footprints", 
        "symbols"
    ],
    "versions": [{
        "version": "4.0.1",
        "status": "stable",
        "kicad_version": "8.0"
    }]
}
