<?xml version="1.0" standalone="yes"?>
<DataSet>
  <WorkSpace>
    <ProjectName>LastPrj</ProjectName>
  </WorkSpace>
  <Project>
    <ProjectName>LastPrj</ProjectName>
    <MCUName>HC32F460xExx/HC32F45xxExx</MCUName>
    <MCUIndex>5</MCUIndex>
    <ChipEraseEn>True</ChipEraseEn>
    <PageEraseEn>False</PageEraseEn>
    <ResetEn>True</ResetEn>
    <RDLV1>True</RDLV1>
    <RDLV2>False</RDLV2>
    <RDLV3>False</RDLV3>
    <DisorderEn>False</DisorderEn>
    <EncryKey>123456789ab</EncryKey>
    <DisorderKey>123456789ab</DisorderKey>
    <SerialNumberEn>True</SerialNumberEn>
    <StartAddress>0x0</StartAddress>
    <StartNumber>0</StartNumber>
    <Interval>0</Interval>
    <CurrentNumber />
    <HistoryNumber />
    <UserFile />
    <UserFileAddr />
  </Project>
</DataSet>